{
 "nodes": {
  "NODE_0000010": {
   "country": "sierra_leone",
   "country_confidence": {
    "sierra_leone": 0.775900823457251,
    "nigeria": 0.2240991765427491
   },
   "country_entropy": 0.5320474069083245
  },
  "NODE_0000005": {
   "country": "sierra_leone",
   "country_confidence": {
    "sierra_leone": 0.9979004730823089,
    "nigeria": 0.00209952691769108
   },
   "country_entropy": 0.015043095116537373
  },
  "G3278_SLE_2013": {
   "country": "sierra_leone",
   "country_confidence": {
    "sierra_leone": 1.0
   },
   "country_entropy": -1.000088900581841e-12
  },
  "G2557_SLE_2012": {
   "country": "sierra_leone",
   "country_confidence": {
    "sierra_leone": 1.0
   },
   "country_entropy": -1.000088900581841e-12
  },
  "NODE_0000004": {
   "country": "sierra_leone",
   "country_confidence": {
    "sierra_leone": 0.7715523542866018,
    "nigeria": 0.2284476457133982
   },
   "country_entropy": 0.537393800127923
  },
  "NODE_0000003": {
   "country": "sierra_leone",
   "country_confidence": {
    "sierra_leone": 0.9888575778115739,
    "nigeria": 0.01114242218842609
   },
   "country_entropy": 0.061187537506422356
  },
  "G3248_SLE_2013": {
   "country": "sierra_leone",
   "country_confidence": {
    "sierra_leone": 1.0
   },
   "country_entropy": -1.000088900581841e-12
  },
  "NODE_0000002": {
   "country": "sierra_leone",
   "country_confidence": {
    "sierra_leone": 0.9994910172068022
   },
   "country_entropy": 0.0043685187973076245
  },
  "G636_SLE_2009": {
   "country": "sierra_leone",
   "country_confidence": {
    "sierra_leone": 1.0
   },
   "country_entropy": -1.000088900581841e-12
  },
  "NODE_0000001": {
   "country": "sierra_leone",
   "country_confidence": {
    "sierra_leone": 0.999960006999246
   },
   "country_entropy": 0.00044499356302872583
  },
  "G2511_SLE_2012": {
   "country": "sierra_leone",
   "country_confidence": {
    "sierra_leone": 1.0
   },
   "country_entropy": -1.000088900581841e-12
  },
  "NODE_0000000": {
   "country": "sierra_leone",
   "country_confidence": {
    "sierra_leone": 0.9999969586222881
   },
   "country_entropy": 4.16766002863099e-05
  },
  "Z0947_SLE_2011": {
   "country": "sierra_leone",
   "country_confidence": {
    "sierra_leone": 1.0
   },
   "country_entropy": -1.000088900581841e-12
  },
  "G1727_SLE_2011": {
   "country": "sierra_leone",
   "country_confidence": {
    "sierra_leone": 1.0
   },
   "country_entropy": -1.000088900581841e-12
  },
  "NODE_0000006": {
   "country": "sierra_leone",
   "country_confidence": {
    "sierra_leone": 0.7194104106845807,
    "nigeria": 0.28058958931541933
   },
   "country_entropy": 0.5935093001464196
  },
  "GU481068.1": {
   "country": "sierra_leone",
   "country_confidence": {
    "sierra_leone": 0.6636112080716692,
    "nigeria": 0.3363887919283308
   },
   "country_entropy": 0.6386110770632694
  },
  "NODE_0000007": {
   "country": "nigeria",
   "country_confidence": {
    "nigeria": 0.9508560257502919,
    "sierra_leone": 0.049143974249708094
   },
   "country_entropy": 0.19598697221847863
  },
  "NODE_0000008": {
   "country": "nigeria",
   "country_confidence": {
    "nigeria": 0.9963365850850894,
    "sierra_leone": 0.003663414914910674
   },
   "country_entropy": 0.02420610776349822
  },
  "NGA/2016/ISTH_0104": {
   "country": "nigeria",
   "country_confidence": {
    "nigeria": 1.0
   },
   "country_entropy": -1.000088900581841e-12
  },
  "ISTH2066_NIG_2012": {
   "country": "nigeria",
   "country_confidence": {
    "nigeria": 1.0
   },
   "country_entropy": -1.000088900581841e-12
  },
  "NODE_0000009": {
   "country": "nigeria",
   "country_confidence": {
    "nigeria": 0.9983875496386477,
    "sierra_leone": 0.0016124503613522579
   },
   "country_entropy": 0.011979205958606414
  },
  "ISTH0531_NIG_2011": {
   "country": "nigeria",
   "country_confidence": {
    "nigeria": 1.0
   },
   "country_entropy": -1.000088900581841e-12
  },
  "ISTH1038_NIG_2011": {
   "country": "nigeria",
   "country_confidence": {
    "nigeria": 1.0
   },
   "country_entropy": -1.000088900581841e-12
  }
 }
}